C0001,Lisa,Doyle
C0002,Henry,Lee
C0003,Sarah,Anderson
C0004,Anthony,Wallace
C0005,Stephen,Mcgrath
C0006,Daniel,Ford
C0007,Jennifer,Zimmerman
C0008,Jennifer,Hodges
C0009,Mitchell,Collins
C0010,Lisa,Hebert
C0011,Tina,Coleman
C0012,Lacey,Stafford
C0013,Chad,Reed
C0014,Gloria,Simpson
C0015,Denise,Rodriguez
C0016,Linda,Hamilton
C0017,Randy,Williams
C0018,Jessica,Rios
C0019,Sara,Reed
C0020,Wendy,Haynes
C0021,Jorge,Montgomery
C0022,Alyssa,Valentine
C0023,James,Gonzalez
C0024,Cory,Trevino
C0025,Jessica,White
C0026,Nathaniel,Armstrong
C0027,Cynthia,Lee
C0028,Brandon,Humphrey
C0029,Amanda,Porter
C0030,Mindy,Smith
C0031,Mary,Mcpherson
C0032,Joseph,Taylor
C0033,Alex,Lewis
C0034,Donald,Knapp
C0035,Christina,Nelson
C0036,Philip,Castaneda
C0037,Lauren,Conley
C0038,Andrea,Cox
C0039,Tiffany,Daniel
C0040,Lisa,Chung
C0041,Katherine,Griffin
C0042,Gary,Day
C0043,Dalton,White
C0044,Marcus,King
C0045,Andrew,Williams
C0046,James,White
C0047,Jasmine,Oconnor
C0048,Ashley,Mcclain
C0049,Amy,Morales
C0050,David,Morris
C0051,Wendy,Johnston
C0052,Kevin,Hancock
C0053,Victoria,Green
C0054,Julie,Berry
C0055,Todd,Reed
C0056,Marc,Harrington
C0057,James,Erickson
C0058,Frank,Smith
C0059,Kristen,Robinson
C0060,Lynn,Christensen
C0061,Nicole,Alvarado
C0062,Amanda,Whitaker
C0063,Anthony,Smith
C0064,Ronald,Chaney
C0065,Erica,Bush
C0066,James,Bridges
C0067,Nathan,Clark
C0068,Stephanie,Allen
C0069,Rhonda,Harrison
C0070,Hannah,Diaz
C0071,Kelsey,Matthews
C0072,Sara,Tran
C0073,Jeremy,Ferguson
C0074,Kelly,Miller
C0075,Stacey,Lee
C0076,Cynthia,Daniels
C0077,Duane,Smith
C0078,Melissa,Gonzales
C0079,Penny,Aguilar
C0080,Leonard,Harding
C0081,Jason,Alexander
C0082,Jimmy,Johnson
C0083,Daniel,Turner
C0084,Darren,Bradley
C0085,Michele,Wells
C0086,Toni,Pena
C0087,Helen,Shaffer
C0088,Michael,Villegas
C0089,Michelle,Day
C0090,Austin,Gardner
C0091,Desiree,Swanson
C0092,Anthony,Hernandez
C0093,Benjamin,Zimmerman
C0094,Jasmine,Lamb
C0095,Amy,Becker
C0096,Angela,Hensley
C0097,Tony,Fisher
C0098,Michael,Atkins
C0099,Tracy,Callahan
C0100,Miranda,Bennett
C0101,Edward,Henry
C0102,Lisa,Carter
C0103,Andrew,Dixon
C0104,Frank,Hernandez
C0105,John,Torres
C0106,Michael,Boyd
C0107,Andrew,Hudson
C0108,Robert,Obrien
C0109,Lauren,Krause
C0110,Micheal,Nicholson
C0111,David,Hernandez
C0112,Michael,Cummings
C0113,Jason,Quinn
C0114,David,Hamilton
C0115,Donna,Bowen
C0116,Jon,Jones
C0117,Melissa,Ball
C0118,Vanessa,Liu
C0119,Thomas,Hill
C0120,Paul,Diaz
C0121,Elizabeth,Flores
C0122,Michael,Chandler
C0123,April,Kerr
C0124,Linda,Blackwell
C0125,Daniel,Pope
C0126,Alison,Dunn
C0127,Charles,Gardner
C0128,Robert,Lam
C0129,Derrick,Benitez
C0130,Stephanie,Myers
C0131,Sheryl,Reyes
C0132,Joseph,Reeves
C0133,Robert,Harrison
C0134,Wendy,Caldwell
C0135,Michael,Edwards
C0136,Mary,Jones
C0137,Erin,Stephens
C0138,Christina,Mccarty
C0139,Joshua,Smith
C0140,Dominique,Becker
C0141,Andrew,Meza
C0142,Jasmine,Villa
C0143,Kayla,Frank
C0144,Latoya,Gregory
C0145,Mark,Johnson
C0146,Patricia,Watson
C0147,John,Yang
C0148,Nicole,Woodward
C0149,John,Campbell
C0150,Jennifer,Faulkner
C0151,Hector,Smith
C0152,Scott,Rojas
C0153,Christine,Wagner
C0154,Walter,Flowers
C0155,David,Roberson
C0156,Austin,Palmer
C0157,Jason,Taylor
C0158,Brett,Moore
C0159,Carlos,Whitaker
C0160,David,Scott
C0161,Tammy,Kaiser
C0162,Daniel,Porter
C0163,Jessica,Griffin
C0164,Lynn,Hall
C0165,Diana,Hampton
C0166,Mary,Vincent
C0167,John,Jones
C0168,Amy,Peterson
C0169,Danny,Johnson
C0170,Alan,Escobar
C0171,Eric,Martinez
C0172,Raymond,Stephens
C0173,Jasmine,Gutierrez
C0174,Cynthia,Avila
C0175,Tracey,Goodwin
C0176,Edward,Martinez
C0177,Autumn,Smith
C0178,Maurice,Gonzalez
C0179,Nathaniel,Melton
C0180,Sarah,French
C0181,Carmen,Kelly
C0182,Juan,James
C0183,Joseph,Taylor
C0184,Amanda,Cook
C0185,Stephanie,Wallace
C0186,William,Smith
C0187,Grant,Cox
C0188,Erin,Burns
C0189,Kim,Sullivan
C0190,Robert,Taylor
C0191,Calvin,Sullivan
C0192,Elaine,Bowen
C0193,Erica,Bailey
C0194,Elizabeth,Henderson
C0195,Joann,Murphy
C0196,Manuel,Smith
C0197,Donna,Thompson
C0198,Thomas,Curry
C0199,Samuel,English
C0200,Ross,Kerr
C0201,Julia,Kennedy
C0202,David,Hamilton
C0203,Andrew,Burke
C0204,Paul,Thomas
C0205,Gabrielle,Robles
C0206,Richard,Daniels
C0207,Jennifer,Brown
C0208,Kendra,Harris
C0209,Michael,Rios
C0210,Christina,Baxter
C0211,Daniel,Harris
C0212,Angela,Ruiz
C0213,Gerald,Cook
C0214,Kimberly,Wallace
C0215,Emily,Durham
C0216,Alex,Lewis
C0217,Jeffrey,Blair
C0218,Hannah,Gonzalez
C0219,Christopher,Herrera
C0220,Andrew,Gray
C0221,John,Jones
C0222,Kathy,Davis
C0223,Ashley,Franklin
C0224,Alexandra,Murphy
C0225,Stephen,Meyer
C0226,Steven,Leon
C0227,Crystal,Dominguez
C0228,Jeremy,Jones
C0229,Emily,Moss
C0230,Amanda,Martinez
C0231,Jason,Aguilar
C0232,Elizabeth,Lawrence
C0233,David,Taylor
C0234,Louis,Moses
C0235,Christopher,Douglas
C0236,Taylor,Marshall
C0237,Michelle,Day
C0238,Daniel,Hernandez
C0239,Angel,Dixon
C0240,Kimberly,Davis
C0241,Roger,Hull
C0242,Michael,Vega
C0243,Robin,Harris
C0244,Madeline,Wade
C0245,Troy,Rodriguez
C0246,Steven,Morales
C0247,Duane,Schmidt
C0248,Seth,Mccormick
C0249,Alexander,Webb
C0250,Kayla,Shaw
C0251,Patrick,Garrett
C0252,Ryan,Stephens
C0253,Joshua,Kaiser
C0254,David,Lawrence
C0255,Anthony,Mueller
C0256,Steven,Kaufman
C0257,Christopher,Drake
C0258,Alan,Arnold
C0259,Michelle,Johnson
C0260,Jocelyn,Freeman
C0261,Ashley,Brown
C0262,Jeffrey,Nelson
C0263,April,Matthews
C0264,Scott,Baldwin
C0265,Raymond,White
C0266,Patricia,Ortiz
C0267,Christopher,James
C0268,Elijah,Hall
C0269,Kelly,Lee
C0270,Tammy,Miller
C0271,Charles,Johnson
C0272,Michael,Perry
C0273,Christina,Jones
C0274,Ariel,Brown
C0275,Michelle,Ortiz
C0276,James,Velez
C0277,Brandi,Jones
C0278,Joshua,Gutierrez
C0279,Gregory,Michael
C0280,Jennifer,Levine
C0281,Katie,Wolfe
C0282,Edward,Duran
C0283,Rebecca,Allen
C0284,Alexander,Ellis
C0285,Alyssa,Walker
C0286,Jessica,Williams
C0287,John,Davis
C0288,Michelle,Jackson
C0289,Kelly,Hardy
C0290,Melissa,Harding
C0291,Caitlin,Nixon
C0292,Eric,Moreno
C0293,Nicholas,Mcpherson
C0294,Michael,Nelson
C0295,Adrienne,Powell
C0296,William,Adams
C0297,Michael,Paul
C0298,Mary,Morales
C0299,Michelle,Gross
C0300,Brianna,Hubbard
C0301,Steve,Smith
C0302,Sharon,Stewart
C0303,Joshua,Reynolds
C0304,Alicia,Mahoney
C0305,John,Gamble
C0306,Jesse,Ware
C0307,Mario,Lambert
C0308,Richard,Meyers
C0309,Natalie,Murphy
C0310,Margaret,West
C0311,Daniel,Flores
C0312,Roberto,Cuevas
C0313,Jeffrey,Martin
C0314,Stephanie,Carrillo
C0315,Kimberly,Sharp
C0316,Matthew,Walker
C0317,Richard,Marquez
C0318,Rodney,Taylor
C0319,John,Evans
C0320,Carolyn,Brown
C0321,Teresa,Williams
C0322,Jackie,Holt
C0323,Lindsey,Guzman
C0324,Dalton,Goodman
C0325,Sara,Vasquez
C0326,Sarah,Garcia
C0327,John,Riley
C0328,Dylan,Gallagher
C0329,Blake,Davis
C0330,Eduardo,Gould
C0331,Paul,Wilson
C0332,Richard,Bryant
C0333,Donna,Elliott
C0334,John,Mcfarland
C0335,Justin,Pope
C0336,Marisa,Ward
C0337,Thomas,Juarez
C0338,Morgan,Chase
C0339,David,Adkins
C0340,Scott,Villarreal
C0341,Madison,Reynolds
C0342,Shelby,Taylor
C0343,William,Wright
C0344,Andrew,Osborn
C0345,Brian,Boyd
C0346,Kristina,Gillespie
C0347,Amanda,Davis
C0348,Brian,Brown
C0349,Daniel,Turner
C0350,Carl,Brown
C0351,Breanna,Middleton
C0352,Julie,Garrett
C0353,Kimberly,Young
C0354,Alejandro,Bell
C0355,Sandy,Fernandez
C0356,Stacy,James
C0357,Heather,West
C0358,Shannon,Cohen
C0359,Leslie,Chang
C0360,Andrew,Whitaker
C0361,Brooke,Ford
C0362,Betty,Collins
C0363,Erik,Oconnor
C0364,Sharon,Freeman
C0365,Paul,Gilbert
C0366,Robert,Walters
C0367,Lisa,Hernandez
C0368,Damon,Murphy
C0369,Michelle,Aguirre
C0370,Steven,Burch
C0371,Jonathan,Kerr
C0372,Leonard,Bright
C0373,Mark,Berg
C0374,Alex,Woods
C0375,Anna,Palmer
C0376,Anna,Sullivan
C0377,Jeanette,Hunter
C0378,Sean,Logan
C0379,Jeffrey,Vaughn
C0380,Kristen,Gonzales
C0381,Steven,Sanders
C0382,Dustin,Erickson
C0383,Helen,Jackson
C0384,Jerry,Montgomery
C0385,Mary,Lindsey
C0386,Jessica,Baker
C0387,Ashley,Lopez
C0388,Michael,Martinez
C0389,John,Martinez
C0390,Jason,Castillo
C0391,Miranda,Morgan
C0392,Richard,Clark
C0393,Heather,Jennings
C0394,Justin,Watson
C0395,Chad,Myers
C0396,Joshua,Flores
C0397,Lisa,Hall
C0398,Andrew,Hammond
C0399,Dawn,Hunt
C0400,Karen,Miller
C0401,Eric,Peterson
C0402,Brian,Michael
C0403,Jimmy,Taylor
C0404,Edwin,Patterson
C0405,Shannon,Santiago
C0406,James,Harrington
C0407,Rhonda,Bowen
C0408,Valerie,Mendoza
C0409,Stacey,Leonard
C0410,John,Higgins
C0411,Brandy,Gutierrez
C0412,James,Foster
C0413,Joseph,Clark
C0414,Jonathan,Rodriguez
C0415,Emily,Clark
C0416,Tonya,Johnson
C0417,Travis,Ho
C0418,Cory,Martinez
C0419,Lawrence,Snow
C0420,Derek,Miller
C0421,Herbert,Morales
C0422,Whitney,Mills
C0423,William,Mcmahon
C0424,Frank,Jones
C0425,Abigail,Wilson
C0426,Christopher,Turner
C0427,Lance,Rivera
C0428,Jessica,Randall
C0429,Juan,Johnson
C0430,Amber,Schultz
C0431,Richard,Chung
C0432,Julia,Norman
C0433,Felicia,Miller
C0434,Alexis,Gonzales
C0435,Erica,Burke
C0436,Andrea,Foster
C0437,Joshua,Fischer
C0438,Kayla,Collins
C0439,Victor,Price
C0440,Michael,Pena
C0441,Sheri,Foster
C0442,Tammy,Knight
C0443,Allison,Wilson
C0444,Alyssa,Villarreal
C0445,Tracy,Blackwell
C0446,Frank,Mann
C0447,Marissa,Buckley
C0448,David,Ray
C0449,Jared,Bishop
C0450,Shaun,Richard
C0451,Sharon,Wiley
C0452,Laura,Wilson
C0453,Cynthia,Johnson
C0454,Bryan,Kim
C0455,Lauren,Frederick
C0456,Cassie,Reeves
C0457,James,Clayton
C0458,Cassie,Campos
C0459,Thomas,Hill
C0460,Heather,Eaton
C0461,Christopher,Baker
C0462,Roger,Pena
C0463,Lori,Ball
C0464,Alexander,Wolfe
C0465,John,Smith
C0466,Drew,Hoffman
C0467,Philip,Martinez
C0468,Anthony,Gomez
C0469,Logan,Rosales
C0470,Joseph,Freeman
C0471,Lynn,Tran
C0472,William,Mann
C0473,Melanie,David
C0474,Erik,Landry
C0475,Steven,Parrish
C0476,Michael,Steele
C0477,Jeffrey,Lopez
C0478,Ryan,Williams
C0479,Anthony,Scott
C0480,James,Richards
C0481,Christina,Taylor
C0482,Emily,Anderson
C0483,Christina,Frey
C0484,Kelly,Bentley
C0485,Evelyn,Larsen
C0486,James,Pruitt
C0487,Charles,Sanders
C0488,Jonathon,Frank
C0489,Preston,Roberts
C0490,Deanna,Moreno
C0491,Rachel,Perkins
C0492,Natasha,Sullivan
C0493,Christopher,Buck
C0494,Angela,Smith
C0495,Jaime,Carter
C0496,Christina,Velazquez
C0497,Kevin,Walter
C0498,Ashley,Franklin
C0499,Steven,Gordon
C0500,Angela,Peterson
C0501,James,Martin
C0502,Jennifer,Lucero
C0503,Erik,Johnson
C0504,Michael,Huang
C0505,Phillip,Martinez
C0506,Scott,Francis
C0507,Hannah,Juarez
C0508,Melinda,Richardson
C0509,Amy,Newman
C0510,Kimberly,Hall
C0511,Charles,Smith
C0512,William,Romero
C0513,Renee,Dawson
C0514,Justin,Young
C0515,Robert,Bond
C0516,Sarah,Sullivan
C0517,Brenda,Vang
C0518,Dustin,Sandoval
C0519,Kevin,Robinson
C0520,Jade,Webster
C0521,Jessica,Lee
C0522,Jacqueline,Bailey
C0523,Joseph,Wells
C0524,Jose,Lee
C0525,Daniel,Booth
C0526,Aaron,Perez
C0527,Alyssa,Richardson
C0528,Danny,Thompson
C0529,Lee,Pope
C0530,Logan,Sanchez
C0531,Sarah,Adams
C0532,Todd,Miller
C0533,Justin,Ortiz
C0534,Edward,Moses
C0535,Katie,Yang
C0536,David,Smith
C0537,Martin,Arroyo
C0538,Tammy,Callahan
C0539,Sandra,Harris
C0540,Courtney,Tucker
C0541,Christopher,Reyes
C0542,Samantha,Fox
C0543,Destiny,Harmon
C0544,Virginia,Potts
C0545,Dale,Hutchinson
C0546,Cindy,Murphy
C0547,Nicholas,Woods
C0548,Timothy,Molina
C0549,Nicole,Smith
C0550,Joseph,Mclaughlin
C0551,Teresa,Padilla
C0552,Wyatt,Lee
C0553,Ashley,Burton
C0554,Kimberly,Hill
C0555,Sergio,Espinoza
C0556,Christina,Reid
C0557,Joseph,Mcguire
C0558,Sharon,Mclean
C0559,Sean,Jackson
C0560,Joanne,Barr
C0561,Joseph,Short
C0562,Steven,Mclaughlin
C0563,Wanda,Burnett
C0564,Jessica,Wise
C0565,Michele,Frost
C0566,Amy,Cain
C0567,Robert,Dominguez
C0568,Kristen,Grant
C0569,Kristen,Powell
C0570,Sarah,Curry
C0571,Melanie,Moss
C0572,Yvonne,Hogan
C0573,Derek,Brady
C0574,Nathan,Warren
C0575,Robert,Hill
C0576,Sheena,Johnston
C0577,Diana,Ferguson
C0578,Joshua,Scott
C0579,Elizabeth,Mooney
C0580,Joseph,Knight
C0581,April,Foster
C0582,Alan,Nelson
C0583,Janice,Hendricks
C0584,Lisa,Navarro
C0585,Nathan,Hayden
C0586,Julia,Bryant
C0587,Diane,Dean
C0588,Stephanie,Elliott
C0589,Natalie,Gonzalez
C0590,Matthew,Barnes
C0591,Rebecca,Wheeler
C0592,Jesse,Williams
C0593,Mary,Thomas
C0594,Ricardo,Kline
C0595,Stephanie,Sullivan
C0596,Rebecca,Joyce
C0597,Catherine,Perez
C0598,Michael,Miller
C0599,Katelyn,Rice
C0600,Ashley,Bradford
C0601,Holly,Smith
C0602,Michael,Johnson
C0603,Heather,Schwartz
C0604,Michelle,Butler
C0605,Mitchell,Patel
C0606,Carol,Rivera
C0607,Sara,Robbins
C0608,Heather,Anderson
C0609,Cassandra,Rose
C0610,Christina,Gibson
C0611,Todd,Davis
C0612,Maurice,Bridges
C0613,Kevin,Allen
C0614,Cheyenne,Greene
C0615,Anthony,Baldwin
C0616,Trevor,Howe
C0617,Jeremy,Cox
C0618,Edgar,Carter
C0619,Michael,Butler
C0620,Stephanie,Santiago
C0621,Eric,Sutton
C0622,Kelly,Yang
C0623,Heidi,Stewart
C0624,Gabrielle,Espinoza
C0625,Amanda,Salinas
C0626,Kenneth,Foster
C0627,Kathryn,Murray
C0628,Donald,Carr
C0629,Kristen,Reynolds
C0630,Leslie,Sawyer
C0631,Eric,Matthews
C0632,Andrew,Forbes
C0633,Stephanie,Gutierrez
C0634,James,Welch
C0635,Lisa,Salazar
C0636,Jose,Banks
C0637,Nicole,Jenkins
C0638,Patrick,Howard
C0639,Alyssa,Buckley
C0640,Martin,Daniel
C0641,Alison,Reeves
C0642,William,Pugh
C0643,Jeff,Taylor
C0644,Carolyn,Benton
C0645,Gerald,Cook
C0646,Tiffany,Lee
C0647,Nicholas,Arnold
C0648,Leslie,Yang
C0649,Brittany,Mccarthy
C0650,Sarah,Torres
C0651,Michael,Ruiz
C0652,Paul,Fleming
C0653,Jeremy,Wheeler
C0654,Jeffery,Nelson
C0655,Richard,Dean
C0656,Tamara,Peters
C0657,Sarah,Garcia
C0658,Troy,Weber
C0659,Meredith,King
C0660,Virginia,Clayton
C0661,Melissa,Nelson
C0662,Robert,Vasquez
C0663,Nicole,Rowe
C0664,Karl,Harrison
C0665,Cheryl,Little
C0666,Gregory,Brown
C0667,Vanessa,Anderson
C0668,Jessica,Hayes
C0669,Robert,Valdez
C0670,George,Nunez
C0671,Deborah,Gilbert
C0672,Michael,Nguyen
C0673,Alyssa,Hill
C0674,Charles,Parker
C0675,Elizabeth,Simon
C0676,Kevin,Nichols
C0677,Charles,Jones
C0678,James,Martin
C0679,Paul,Delgado
C0680,Martha,Butler
C0681,Susan,Jordan
C0682,Sharon,Lane
C0683,Sarah,Miles
C0684,Vanessa,Arnold
C0685,Mindy,Carter
C0686,Eric,Zimmerman
C0687,Stephen,Wheeler
C0688,Valerie,Jenkins
C0689,Anna,Collins
C0690,David,Suarez
C0691,Catherine,Vazquez
C0692,Dillon,Molina
C0693,David,Hall
C0694,Anna,Paul
C0695,Edward,Schmidt
C0696,Ana,Moore
C0697,Lynn,Baker
C0698,Carolyn,Gutierrez
C0699,Christopher,Acosta
C0700,Maxwell,Jimenez
C0701,Brenda,Rivers
C0702,Samantha,Valenzuela
C0703,Thomas,Young
C0704,Leroy,Thompson
C0705,Paul,Cole
C0706,Christina,White
C0707,William,Moore
C0708,Taylor,Boone
C0709,Corey,Ball
C0710,Gregory,Ellis
C0711,David,Wiley
C0712,Brooke,Rodriguez
C0713,Alyssa,Glover
C0714,Karen,Wong
C0715,Paul,Berg
C0716,Samuel,Barrett
C0717,Alexander,Whitehead
C0718,Cassandra,Braun
C0719,Gloria,Anderson
C0720,Jennifer,Hood
C0721,Theresa,Holmes
C0722,Scott,Dorsey
C0723,Joseph,Torres
C0724,Courtney,Mccarthy
C0725,Kimberly,Rowe
C0726,Latoya,Ford
C0727,Donald,Henry
C0728,Amy,Olsen
C0729,James,Young
C0730,Traci,Welch
C0731,Cameron,Hoffman
C0732,Tracy,Short
C0733,Susan,Silva
C0734,Christopher,Ross
C0735,Brandon,Yang
C0736,Ryan,Juarez
C0737,Leslie,Ware
C0738,Matthew,Moore
C0739,Paul,Brewer
C0740,Randy,Boone
C0741,Makayla,Brown
C0742,Earl,Clark
C0743,Marvin,Lee
C0744,Laura,Knox
C0745,Lori,Stewart
C0746,Pamela,Holmes
C0747,Gina,Barker
C0748,Elizabeth,Lopez
C0749,Norma,Golden
C0750,Ashley,Adams
C0751,Ashley,Anderson
C0752,Roberto,Warner
C0753,Joseph,Jimenez
C0754,Justin,Williams
C0755,Toni,Taylor
C0756,Jonathan,Lee
C0757,Michael,Morris
C0758,Michael,Johnson
C0759,Kimberly,Smith
C0760,Teresa,Becker
C0761,Joshua,Forbes
C0762,Candice,Wilkins
C0763,Ian,Rodriguez
C0764,John,Johnson
C0765,Shannon,Patterson
C0766,Stephen,Torres
C0767,Jesus,Matthews
C0768,Katherine,Snyder
C0769,Elizabeth,Jacobs
C0770,Beth,Bates
C0771,Tricia,Woods
C0772,Rachel,Armstrong
C0773,Desiree,Moore
C0774,Gregory,Montgomery
C0775,Emily,Smith
C0776,Melissa,Villanueva
C0777,Steven,Schroeder
C0778,Kathy,Hughes
C0779,Chelsea,Dominguez
C0780,Dylan,Allen
C0781,Christopher,Williams
C0782,Brianna,Martin
C0783,Brandy,Watson
C0784,Donald,Weiss
C0785,Kyle,Maynard
C0786,Kristin,Coffey
C0787,William,Newton
C0788,Gina,Reed
C0789,Deborah,Johnson
C0790,Lisa,Logan
C0791,Sarah,Wilson
C0792,Christine,Perry
C0793,Jonathan,Stone
C0794,Rebecca,Martin
C0795,Jennifer,Bond
C0796,Nathaniel,Simmons
C0797,Kelsey,Duffy
C0798,Erin,Bass
C0799,James,Morris
C0800,Joshua,Mathews
C0801,Andrew,Wilson
C0802,Joshua,Clark
C0803,Sean,Rivera
C0804,Daniel,Munoz
C0805,Heather,Moreno
C0806,Amy,Roberts
C0807,Michael,Lyons
C0808,Joseph,Hawkins
C0809,Daniel,Carney
C0810,Patricia,Williams
C0811,Cassie,Thornton
C0812,Thomas,Rose
C0813,Michael,Terry
C0814,Andrea,Williamson
C0815,Krista,Smith
C0816,Tammy,Howell
C0817,Laura,Lopez
C0818,Gabriel,Jones
C0819,Brandon,Sanchez
C0820,Patricia,Lowe
C0821,Erica,Lin
C0822,Jeff,Lee
C0823,Madison,Davis
C0824,Lori,Johnson
C0825,Chris,Orr
C0826,Norma,Bailey
C0827,Melvin,Martinez
C0828,Justin,Wright
C0829,Cory,Krause
C0830,Scott,Collins
C0831,Eric,Cox
C0832,Teresa,Miller
C0833,James,Smith
C0834,Derek,Ellison
C0835,Jeremy,Coleman
C0836,Clayton,Miller
C0837,Lucas,Oconnell
C0838,Jacqueline,Thompson
C0839,Shane,Martin
C0840,Karen,Barber
C0841,Debbie,Moses
C0842,Marcus,Stevens
C0843,Krystal,Mccoy
C0844,Ruben,Cook
C0845,Brandon,Hahn
C0846,Monica,Stevens
C0847,Lisa,Wilkins
C0848,Maria,Flores
C0849,Carlos,Barr
C0850,Andrew,Hunter
C0851,Lisa,Harris
C0852,Thomas,Fischer
C0853,Jade,Burnett
C0854,Joshua,Hill
C0855,Jordan,Brown
C0856,Daniel,Shepard
C0857,Ellen,Berg
C0858,Desiree,Hobbs
C0859,Charles,Strickland
C0860,James,Watkins
C0861,Stephanie,Wilson
C0862,Emily,Morgan
C0863,Ralph,Walker
C0864,Billy,Norris
C0865,Marisa,Ramirez
C0866,Amanda,Lawson
C0867,Roberta,Mooney
C0868,Lisa,Simmons
C0869,Jessica,Roberts
C0870,Vickie,Riggs
C0871,Jessica,Williamson
C0872,Jill,Rivera
C0873,Jennifer,Smith
C0874,Felicia,Daugherty
C0875,Julia,Mooney
C0876,Lawrence,Morris
C0877,Carlos,Perez
C0878,Annette,Foley
C0879,James,Juarez
C0880,Adam,Molina
C0881,Elizabeth,Zavala
C0882,Shannon,Michael
C0883,Sheri,Mccall
C0884,Maxwell,Jackson
C0885,Penny,Reynolds
C0886,James,Vasquez
C0887,Rodney,Gutierrez
C0888,Jill,Long
C0889,Tiffany,Walters
C0890,Jennifer,Johnson
C0891,Alice,Ibarra
C0892,Ryan,Luna
C0893,Lori,Miller
C0894,John,Morton
C0895,Joseph,Johnson
C0896,Michele,Scott
C0897,Robert,Carter
C0898,Tara,Leonard
C0899,Lindsay,Stanley
C0900,Juan,Owens
C0901,Patricia,Haley
C0902,Carol,Mccullough
C0903,Victoria,Owens
C0904,Diane,Hayes
C0905,Jennifer,Singleton
C0906,David,Leon
C0907,Frank,Thomas
C0908,Cindy,Jackson
C0909,Susan,Mcdonald
C0910,Karen,Scott
C0911,Andrea,Nelson
C0912,Brandy,Jackson
C0913,Pamela,Baxter
C0914,Morgan,Johnson
C0915,Kathryn,Estrada
C0916,Lydia,Bryant
C0917,Erin,Jensen
C0918,Stephanie,Harvey
C0919,Michael,Smith
C0920,Veronica,Arnold
C0921,Lindsey,Dunn
C0922,Jeremy,Jones
C0923,Susan,Brown
C0924,Isaiah,Hughes
C0925,Jeffery,Robinson
C0926,Amy,Roberts
C0927,Scott,Tran
C0928,Brandon,York
C0929,Johnathan,Carey
C0930,Joe,Miller
C0931,Michael,Rasmussen
C0932,James,Calderon
C0933,Kerri,Stone
C0934,Natalie,Walters
C0935,Kayla,Rivas
C0936,Valerie,Daniels
C0937,Sierra,Jones
C0938,Cynthia,Joyce
C0939,Gary,Bradley
C0940,Natasha,Fuller
C0941,Madeline,Cook
C0942,Christopher,Murphy
C0943,Amber,Huff
C0944,Erin,Holloway
C0945,Deborah,Black
C0946,Timothy,Mayo
C0947,Hunter,Larson
C0948,Richard,Smith
C0949,Frank,Mack
C0950,Amy,Carpenter
C0951,Alexandra,Wilson
C0952,Stephanie,Stewart
C0953,Krista,Wright
C0954,John,Williams
C0955,Joseph,Williamson
C0956,Tonya,Johnson
C0957,Patricia,Mcdaniel
C0958,Douglas,Garcia
C0959,Norma,Garcia
C0960,Shane,Blackwell
C0961,Nicholas,Armstrong
C0962,Anthony,Gonzalez
C0963,William,Meadows
C0964,Maxwell,Brown
C0965,Jason,Padilla
C0966,Dean,Norris
C0967,Melissa,Harris
C0968,Emily,Henderson
C0969,Nichole,Moody
C0970,Ryan,Sullivan
C0971,Billy,Garrison
C0972,Edward,Tyler
C0973,Monique,Alvarez
C0974,Robert,Haas
C0975,Jerry,Hernandez
C0976,Christian,Campbell
C0977,Jennifer,Baker
C0978,Michael,Parker
C0979,Joanna,Miller
C0980,Matthew,Tanner
C0981,Vincent,James
C0982,Sherri,Garcia
C0983,Hannah,Navarro
C0984,David,Ruiz
C0985,Tony,Dorsey
C0986,Brandon,Ramirez
C0987,Thomas,Saunders
C0988,Grace,Sawyer
C0989,James,Alexander
C0990,Kevin,Riggs
C0991,Morgan,Page
C0992,Ronald,Strickland
C0993,Nicole,Taylor
C0994,Allison,Fry
C0995,Samantha,Schneider
C0996,David,Maynard
C0997,Hayley,Simpson
C0998,Anthony,Olson
C0999,Elizabeth,Martinez
C1000,Andrew,Garrett
